USER,PID,COMMAND,START;
root,1,systemd, Jan20;
root,2,[kthreadd],Jan20;
root,4,[kworker/0:0H],Jan20;
root,6,[mm_percpu_wq],Jan20;
root,7,[ksoftirqd/0],Jan20;
root,8,[rcu_sched],Jan20;
root,9,[rcu_bh],Jan20;
root,10,[migration/0],Jan20;
root,11,[watchdog/0],Jan20;
root,12,[cpuhp/0],Jan20;
root,13,[cpuhp/1],Jan20;
root,14,[watchdog/1],Jan20;
root,15,[migration/1],Jan20;
root,16,[ksoftirqd/1],Jan20;
root,18,[kworker/1:0H],Jan20;
root,19,[kdevtmpfs],Jan20;
root,20,[netns],Jan20;
root,21,[rcu_tasks_kthre],Jan20;
root,22,[kauditd],Jan20;
root,24,[khungtaskd],Jan20;
root,25,[oom_reaper],Jan20;
root,26,[writeback],Jan20;
root,27,[kcompactd0],Jan20;
root,28,[ksmd],Jan20;
root,29,[khugepaged],Jan20;
root,30,[crypto],Jan20;
root,31,[kintegrityd],Jan20;
root,32,[kblockd],Jan20;
root,33,[ata_sff],Jan20;
root,34,[md],Jan20;
root,35,[edac-poller],Jan20;
root,36,[devfreq_wq],Jan20;
root,37,[watchdogd],Jan20;
root,41,[kswapd0],Jan20;
root,42,[kworker/u5:0],Jan20;
root,43,[ecryptfs-kthrea],Jan20;
root,85,[kthrotld],Jan20;
root,86,[acpi_thermal_pm],Jan20;
root,87,[scsi_eh_0],Jan20;
root,88,[scsi_tmf_0],Jan20;
root,89,[scsi_eh_1],Jan20;
root,90,[scsi_tmf_1],Jan20;
root,96,[ipv6_addrconf],Jan20;
root,105,[kstrp],Jan20;
root,122,[charger_manager],Jan20;
root,172,[mpt_poll_0],Jan20;
root,173,[mpt/0],Jan20;
root,174,[scsi_eh_2],Jan20;
root,175,[scsi_tmf_2],Jan20;
root,176,[scsi_eh_3],Jan20;
root,177,[scsi_tmf_3],Jan20;
root,178,[scsi_eh_4],Jan20;
root,179,[scsi_tmf_4],Jan20;
root,180,[scsi_eh_5],Jan20;
root,181,[scsi_tmf_5],Jan20;
root,182,[scsi_eh_6],Jan20;
root,183,[scsi_tmf_6],Jan20;
root,184,[scsi_eh_7],Jan20;
root,185,[scsi_tmf_7],Jan20;
root,186,[scsi_eh_8],Jan20;
root,187,[scsi_tmf_8],Jan20;
root,188,[scsi_eh_9],Jan20;
root,189,[scsi_tmf_9],Jan20;
root,190,[scsi_eh_10],Jan20;
root,191,[scsi_tmf_10],Jan20;
root,192,[scsi_eh_11],Jan20;
root,193,[scsi_tmf_11],Jan20;
root,194,[scsi_eh_12],Jan20;
root,195,[scsi_tmf_12],Jan20;
root,196,[scsi_eh_13],Jan20;
root,197,[scsi_tmf_13],Jan20;
root,198,[scsi_eh_14],Jan20;
root,199,[scsi_tmf_14],Jan20;
root,200,[scsi_eh_15],Jan20;
root,201,[scsi_tmf_15],Jan20;
root,202,[scsi_eh_16],Jan20;
root,203,[scsi_tmf_16],Jan20;
root,204,[scsi_eh_17],Jan20;
root,205,[scsi_tmf_17],Jan20;
root,206,[scsi_eh_18],Jan20;
root,207,[scsi_tmf_18],Jan20;
root,208,[scsi_eh_19],Jan20;
root,209,[scsi_tmf_19],Jan20;
root,210,[scsi_eh_20],Jan20;
root,211,[scsi_tmf_20],Jan20;
root,212,[scsi_eh_21],Jan20;
root,213,[scsi_tmf_21],Jan20;
root,214,[scsi_eh_22],Jan20;
root,215,[scsi_tmf_22],Jan20;
root,216,[scsi_eh_23],Jan20;
root,217,[scsi_tmf_23],Jan20;
root,218,[scsi_eh_24],Jan20;
root,219,[scsi_tmf_24],Jan20;
root,220,[scsi_eh_25],Jan20;
root,221,[scsi_tmf_25],Jan20;
root,222,[scsi_eh_26],Jan20;
root,223,[scsi_tmf_26],Jan20;
root,224,[scsi_eh_27],Jan20;
root,225,[scsi_tmf_27],Jan20;
root,226,[scsi_eh_28],Jan20;
root,227,[scsi_tmf_28],Jan20;
root,228,[scsi_eh_29],Jan20;
root,229,[scsi_tmf_29],Jan20;
root,230,[scsi_eh_30],Jan20;
root,231,[scsi_tmf_30],Jan20;
root,232,[scsi_eh_31],Jan20;
root,233,[scsi_tmf_31],Jan20;
root,269,[scsi_eh_32],Jan20;
root,270,[scsi_tmf_32],Jan20;
root,274,[kworker/0:1H],Jan20;
root,276,[kworker/1:1H],Jan20;
root,348,[raid5wq],Jan20;
root,397,[jbd2/sda4-8],Jan20;
root,398,[ext4-rsv-conver],Jan20;
root,490,lvmetad;-f,Jan20
root,495,[iscsi_eh],Jan20;
root,497,[ib-comp-wq],Jan20;
root,498,[ib_mcast],Jan20;
root,499,[ib_nl_sa_wq],Jan20;
root,500,[rdma_cm],Jan20;
root,600,[jbd2/sda2-8],Jan20;
root,604,[ext4-rsv-conver],Jan20;
root,615,[jbd2/sda3-8],Jan20;
root,616,[ext4-rsv-conver],Jan20;
root,795,rpcbind,Jan20;
root,796,VGAuthService,Jan20;
root,797,vmtoolsd,Jan20;
daemon,1016,atd;,Jan20
root,1018,lxcfs,Jan20;
root,1028,cron,Jan20;
root,1042,accounts-daemon,Jan20;
message+,1043,dbus-daemon,Jan20;
syslog,1110,rsyslogd,Jan20;
root,1137,systemd-logind,Jan20;
root,1138,irqbalance,Jan20;
nagios,1139,nrpe,Jan20;
root,1140,networkd-dispatcher,Jan20;
root,1171,polkitd,Jan20;
root,1262,unattended-upgrade-shutdown,Jan20;
root,1295,sshd,Jan20;
root,1300,agetty,Jan20;
root,1320,tpmd,Jan20;
mysql,1474,mysqld,Jan20;
root,1760,systemd,Jan20;
root,1768,sd-pam,Jan20;
root,2049,master,Jan20;
postfix,2055,qmgr,Jan20;
tss,4472,tcsd,Jan20;
root,5056,trustagent,Jan20;
postfix,10852,tlsmgr,Jan21;
root,10918,[kworker/0:2],Apr08;
root,12586,systemd-udevd,Feb06;
root,14844,apache2,Apr04;
root,20273,[loop1],Feb19;
systemd+,21711,systemd-networkd,Feb06;
systemd+,21761,systemd-resolved,Feb06;
systemd+,21792,systemd-timesyncd,Feb06;
root,21822,systemd-journald,Feb06;
root,30614,[loop0],Mar31;
root,30642,snapd,Mar31;
